txn_id,card_fingerprint,device_id,ip_region,account_id,account_created_at,amount,timestamp,billing_region,status,decline_type,true_label
TXN00001,CARD_d7e805da,DEV_d1026706,Hyderabad,ACCT_30877432,2026-06-02 01:28:39,204.84,2026-07-15 11:59:39.000000,Hyderabad,approved,,False
TXN00003,CARD_846a32c3,DEV_d1026706,Hyderabad,ACCT_30877432,2026-06-02 01:28:39,6537.38,2026-06-29 00:59:39.000000,Hyderabad,approved,,False
TXN00005,CARD_3c8eb5bb,DEV_9b621792,Jaipur,ACCT_bb81e3c2,2025-11-26 09:27:33,5852.95,2026-01-02 03:15:33.000000,Jaipur,approved,,False
TXN00006,CARD_682575ec,DEV_9b621792,Jaipur,ACCT_bb81e3c2,2025-11-26 09:27:33,7961.44,2026-01-17 18:52:33.000000,Jaipur,approved,,False
TXN00007,CARD_3c8eb5bb,DEV_9b621792,Jaipur,ACCT_bb81e3c2,2025-11-26 09:27:33,1011.98,2026-01-10 01:55:33.000000,Jaipur,approved,,False
TXN00010,CARD_4f21345d,DEV_826a6fce,Pune,ACCT_87a171ac,2025-10-22 11:21:03,2676.91,2025-12-14 13:16:03.000000,Pune,approved,,False
TXN00011,CARD_8478dcb7,DEV_826a6fce,Pune,ACCT_87a171ac,2025-10-22 11:21:03,1753.18,2025-12-21 08:52:03.000000,Pune,approved,,False
TXN00012,CARD_8478dcb7,DEV_826a6fce,Pune,ACCT_87a171ac,2025-10-22 11:21:03,3807.73,2026-01-05 05:57:03.000000,Pune,approved,,False
TXN00013,CARD_53964b50,DEV_a39d5e08,Hyderabad,ACCT_2cce8038,2026-03-10 09:29:30,3476.86,2026-04-22 13:11:30.000000,Hyderabad,approved,,False
TXN00016,CARD_53964b50,DEV_a39d5e08,Hyderabad,ACCT_2cce8038,2026-03-10 09:29:30,4313.47,2026-04-26 15:41:30.000000,Hyderabad,approved,,False
TXN00017,CARD_7021721a,DEV_58d669cb,Ludhiana,ACCT_722f244f,2026-02-14 03:04:47,7389.96,2026-04-10 10:59:47.000000,Ludhiana,approved,,False
TXN00019,CARD_278f64f7,DEV_58d669cb,Ludhiana,ACCT_722f244f,2026-02-14 03:04:47,7414.62,2026-04-22 03:09:47.000000,Ludhiana,approved,,False
TXN00020,CARD_7021721a,DEV_58d669cb,Ludhiana,ACCT_722f244f,2026-02-14 03:04:47,3876.8,2026-04-01 16:35:47.000000,Ludhiana,approved,,False
TXN00023,CARD_72e31027,DEV_de131ca3,Delhi,ACCT_fd633dbd,2025-12-02 13:20:10,1780.72,2025-12-23 19:38:10.000000,Delhi,approved,,False
TXN00024,CARD_72e31027,DEV_de131ca3,Delhi,ACCT_fd633dbd,2025-12-02 13:20:10,534.61,2026-01-07 12:54:10.000000,Delhi,approved,,False
TXN00025,CARD_f5125227,DEV_c0c8e9df,Bangalore,ACCT_5dff6c15,2025-10-27 02:30:07,7359.13,2025-12-01 18:02:07.000000,Bangalore,declined,insufficient_funds,False
TXN00026,CARD_f5125227,DEV_c0c8e9df,Bangalore,ACCT_5dff6c15,2025-10-27 02:30:07,6818.17,2025-11-14 18:35:07.000000,Bangalore,approved,,False
TXN00027,CARD_69611a11,DEV_c0c8e9df,Bangalore,ACCT_5dff6c15,2025-10-27 02:30:07,6901.46,2025-12-02 05:13:07.000000,Bangalore,approved,,False
TXN00028,CARD_69611a11,DEV_c0c8e9df,Bangalore,ACCT_5dff6c15,2025-10-27 02:30:07,4652.41,2025-11-16 20:45:07.000000,Bangalore,approved,,False
TXN00029,CARD_20e32684,DEV_6a78c49e,Pune,ACCT_c3712da8,2025-12-28 18:40:34,4543.55,2026-03-05 16:17:34.000000,Pune,approved,,False
TXN00030,CARD_20e32684,DEV_6a78c49e,Pune,ACCT_c3712da8,2025-12-28 18:40:34,5374.32,2026-03-21 02:53:34.000000,Pune,approved,,False
TXN00031,CARD_b27b95e9,DEV_6a78c49e,Pune,ACCT_c3712da8,2025-12-28 18:40:34,1090.48,2026-02-27 03:05:34.000000,Pune,approved,,False
TXN00032,CARD_b27b95e9,DEV_6a78c49e,Pune,ACCT_c3712da8,2025-12-28 18:40:34,6027.32,2026-03-06 05:39:34.000000,Pune,approved,,False
TXN00033,CARD_2d810a48,DEV_896a68f8,Ghaziabad,ACCT_09348334,2025-09-16 17:10:16,632.42,2025-10-20 11:16:16.000000,Ghaziabad,approved,,False
TXN00034,CARD_2d810a48,DEV_896a68f8,Ghaziabad,ACCT_09348334,2025-09-16 17:10:16,7469.41,2025-10-17 01:18:16.000000,Ghaziabad,approved,,False
TXN00036,CARD_5ed03241,DEV_896a68f8,Ghaziabad,ACCT_09348334,2025-09-16 17:10:16,2455.01,2025-10-27 10:55:16.000000,Ghaziabad,approved,,False
TXN00037,CARD_5d05ad78,DEV_b673bd47,Ghaziabad,ACCT_b4d419b1,2025-10-30 02:19:02,7514.49,2026-01-23 23:25:02.000000,Ghaziabad,approved,,False
TXN00039,CARD_b97706ca,DEV_b673bd47,Ghaziabad,ACCT_b4d419b1,2025-10-30 02:19:02,4858.4,2025-12-29 10:37:02.000000,Ghaziabad,approved,,False
TXN00040,CARD_53c1f76e,DEV_b673bd47,Ghaziabad,ACCT_b4d419b1,2025-10-30 02:19:02,5092.19,2026-01-04 09:02:02.000000,Ghaziabad,approved,,False
TXN00041,CARD_dac946dc,DEV_85813dba,Pune,ACCT_828bca03,2026-02-13 11:10:36,5092.56,2026-04-28 12:15:36.000000,Pune,approved,,False
TXN00042,CARD_bd2aa399,DEV_85813dba,Pune,ACCT_828bca03,2026-02-13 11:10:36,6180.4,2026-04-01 11:31:36.000000,Pune,declined,timeout,False
TXN00043,CARD_bd2aa399,DEV_85813dba,Pune,ACCT_828bca03,2026-02-13 11:10:36,3562.59,2026-04-08 16:57:36.000000,Pune,approved,,False
TXN00044,CARD_3c681d06,DEV_85813dba,Pune,ACCT_828bca03,2026-02-13 11:10:36,939.4,2026-04-14 04:10:36.000000,Pune,approved,,False
TXN00045,CARD_fc7403d7,DEV_aeee6f52,Ludhiana,ACCT_59c0996d,2025-12-16 04:46:19,3466.8,2026-02-20 21:55:19.000000,Ludhiana,approved,,False
TXN00046,CARD_fc7403d7,DEV_aeee6f52,Ludhiana,ACCT_59c0996d,2025-12-16 04:46:19,7468.05,2026-02-11 16:43:19.000000,Ludhiana,approved,,False
TXN00047,CARD_17f2ed6c,DEV_aeee6f52,Ludhiana,ACCT_59c0996d,2025-12-16 04:46:19,5472.43,2026-03-02 15:59:19.000000,Ludhiana,approved,,False
TXN00048,CARD_17f2ed6c,DEV_aeee6f52,Ludhiana,ACCT_59c0996d,2025-12-16 04:46:19,7003.97,2026-02-13 22:42:19.000000,Ludhiana,approved,,False
TXN00052,CARD_78f78e29,DEV_aede5fe8,Mumbai,ACCT_5e173e4e,2026-06-15 22:45:31,3791.99,2026-08-11 00:39:31.000000,Mumbai,approved,,False
TXN00056,CARD_40c02d4e,DEV_d16dc0cf,Thane,ACCT_c462ddae,2025-08-30 06:38:47,7022.46,2025-10-22 06:45:47.000000,Thane,approved,,False
TXN00057,CARD_0474f36e,DEV_ac8d82f0,Jaipur,ACCT_518ca6ea,2026-06-14 21:06:11,3504.78,2026-07-11 00:44:11.000000,Jaipur,approved,,False
TXN00061,CARD_31bdb2a0,DEV_9cc62739,Kolkata,ACCT_8b535930,2026-05-20 17:26:51,2508.81,2026-08-05 02:58:51.000000,Kolkata,approved,,False
TXN00062,CARD_58fed8a7,DEV_9cc62739,Kolkata,ACCT_8b535930,2026-05-20 17:26:51,2400.46,2026-07-23 06:10:51.000000,Kolkata,approved,,False
TXN00063,CARD_df3dbe4d,DEV_9cc62739,Kolkata,ACCT_8b535930,2026-05-20 17:26:51,7525.89,2026-07-19 07:08:51.000000,Kolkata,declined,insufficient_funds,False
TXN00065,CARD_80627df7,DEV_fa5f6b8a,Hyderabad,ACCT_28e7eca0,2025-12-14 14:17:49,3467.61,2026-02-10 23:30:49.000000,Hyderabad,approved,,False
TXN00066,CARD_80627df7,DEV_fa5f6b8a,Hyderabad,ACCT_28e7eca0,2025-12-14 14:17:49,5421.24,2026-02-16 04:45:49.000000,Hyderabad,approved,,False
TXN00067,CARD_ffe0297c,DEV_fa5f6b8a,Hyderabad,ACCT_28e7eca0,2025-12-14 14:17:49,5287.86,2026-02-27 13:27:49.000000,Hyderabad,approved,,False
TXN00068,CARD_ffe0297c,DEV_fa5f6b8a,Hyderabad,ACCT_28e7eca0,2025-12-14 14:17:49,4973.12,2026-02-18 11:57:49.000000,Hyderabad,approved,,False
TXN00069,CARD_566f8936,DEV_e898736a,Indore,ACCT_79bfbdab,2025-10-13 10:01:19,244.18,2025-11-18 16:10:19.000000,Indore,approved,,False
TXN00070,CARD_97b59048,DEV_e898736a,Indore,ACCT_79bfbdab,2025-10-13 10:01:19,6159.49,2025-11-27 05:55:19.000000,Indore,approved,,False
TXN00071,CARD_97b59048,DEV_e898736a,Indore,ACCT_79bfbdab,2025-10-13 10:01:19,1595.76,2025-11-25 06:37:19.000000,Indore,approved,,False
TXN00074,CARD_2cf21449,DEV_ffea518f,Nagpur,ACCT_1194f309,2025-10-11 07:03:37,1110.05,2025-11-07 10:32:37.000000,Nagpur,approved,,False
TXN00075,CARD_2cf21449,DEV_ffea518f,Nagpur,ACCT_1194f309,2025-10-11 07:03:37,4783.85,2025-11-21 23:38:37.000000,Nagpur,approved,,False
TXN00076,CARD_273d7cee,DEV_ffea518f,Nagpur,ACCT_1194f309,2025-10-11 07:03:37,4062.99,2025-11-20 07:00:37.000000,Nagpur,approved,,False
TXN00077,CARD_e9c8fe21,DEV_ef91799e,Agra,ACCT_2575250d,2025-09-24 15:08:04,2015.56,2025-11-01 23:56:04.000000,Agra,approved,,False
TXN00078,CARD_421599e3,DEV_ef91799e,Agra,ACCT_2575250d,2025-09-24 15:08:04,5032.65,2025-10-27 07:39:04.000000,Agra,approved,,False
TXN00079,CARD_421599e3,DEV_ef91799e,Agra,ACCT_2575250d,2025-09-24 15:08:04,2321.54,2025-11-01 17:53:04.000000,Agra,declined,insufficient_funds,False
TXN00080,CARD_786d3748,DEV_ef91799e,Agra,ACCT_2575250d,2025-09-24 15:08:04,4344.21,2025-10-29 02:05:04.000000,Agra,approved,,False
TXN00082,CARD_8a3c0ed1,DEV_15fe85df,Delhi,ACCT_da802708,2025-10-02 10:07:55,3754.1,2025-11-07 20:41:55.000000,Delhi,approved,,False
TXN00083,CARD_fbdaa35a,DEV_15fe85df,Delhi,ACCT_da802708,2025-10-02 10:07:55,7243.47,2025-10-31 23:31:55.000000,Delhi,approved,,False
TXN00085,CARD_f98dff7e,DEV_9ef30759,Ghaziabad,ACCT_6bfe1684,2026-03-29 21:52:58,6040.13,2026-05-07 09:11:58.000000,Ghaziabad,approved,,False
TXN00086,CARD_0d273e34,DEV_9ef30759,Ghaziabad,ACCT_6bfe1684,2026-03-29 21:52:58,4391.75,2026-05-24 21:39:58.000000,Ghaziabad,approved,,False
TXN00087,CARD_0d273e34,DEV_9ef30759,Ghaziabad,ACCT_6bfe1684,2026-03-29 21:52:58,3514.9,2026-05-22 05:09:58.000000,Ghaziabad,approved,,False
TXN00091,CARD_acea67c7,DEV_8099f4ef,Indore,ACCT_4c6428da,2026-01-09 00:28:45,1128.81,2026-03-12 20:55:45.000000,Indore,approved,,False
TXN00093,CARD_901a19bb,DEV_4d42f8ac,Ghaziabad,ACCT_14a3e3e0,2026-05-07 08:36:27,6028.48,2026-07-13 20:53:27.000000,Ghaziabad,approved,,False
TXN00094,CARD_972d33e5,DEV_4d42f8ac,Ghaziabad,ACCT_14a3e3e0,2026-05-07 08:36:27,204.1,2026-06-27 11:06:27.000000,Ghaziabad,approved,,False
TXN00095,CARD_972d33e5,DEV_4d42f8ac,Ghaziabad,ACCT_14a3e3e0,2026-05-07 08:36:27,5218.65,2026-06-20 19:50:27.000000,Ghaziabad,approved,,False
TXN00096,CARD_2acaf127,DEV_4d42f8ac,Ghaziabad,ACCT_14a3e3e0,2026-05-07 08:36:27,1634.92,2026-06-20 08:51:27.000000,Ghaziabad,approved,,False
TXN00097,CARD_d8e96cf3,DEV_c7f47e8e,Agra,ACCT_d47d5552,2025-12-05 03:30:30,959.4,2026-01-31 19:12:30.000000,Agra,approved,,False
TXN00098,CARD_d8e96cf3,DEV_c7f47e8e,Agra,ACCT_d47d5552,2025-12-05 03:30:30,6146.84,2026-02-11 01:46:30.000000,Agra,approved,,False
TXN00099,CARD_7cb990c8,DEV_c7f47e8e,Agra,ACCT_d47d5552,2025-12-05 03:30:30,5760.94,2026-02-15 23:17:30.000000,Agra,approved,,False
TXN00101,CARD_429ad564,DEV_84319e1b,Ludhiana,ACCT_01f97b76,2026-06-08 09:46:44,654.17,2026-08-10 07:58:44.000000,Ludhiana,approved,,False
TXN00102,CARD_429ad564,DEV_84319e1b,Ludhiana,ACCT_01f97b76,2026-06-08 09:46:44,2447.58,2026-08-01 08:35:44.000000,Ludhiana,approved,,False
TXN00105,CARD_d34119f3,DEV_083eb8cb,Bangalore,ACCT_e247cb2c,2025-10-09 01:32:59,3496.51,2025-11-18 16:38:59.000000,Bangalore,approved,,False
TXN00109,CARD_e7b3bb1c,DEV_d3fd81b6,Pune,ACCT_374cebd4,2026-02-16 04:19:15,6016.29,2026-03-30 18:34:15.000000,Pune,approved,,False
TXN00110,CARD_a7462667,DEV_d3fd81b6,Pune,ACCT_374cebd4,2026-02-16 04:19:15,2724.35,2026-04-11 01:43:15.000000,Pune,approved,,False
TXN00112,CARD_e7b3bb1c,DEV_d3fd81b6,Pune,ACCT_374cebd4,2026-02-16 04:19:15,2273.28,2026-04-16 12:40:15.000000,Pune,declined,insufficient_funds,False
TXN00113,CARD_814d32fe,DEV_3040b7a0,Bangalore,ACCT_a4084485,2025-11-03 15:47:00,1968.78,2026-01-07 21:52:00.000000,Bangalore,approved,,False
TXN00114,CARD_814d32fe,DEV_3040b7a0,Bangalore,ACCT_a4084485,2025-11-03 15:47:00,1960.58,2026-01-07 09:35:00.000000,Bangalore,approved,,False
TXN00115,CARD_b3e719e0,DEV_3040b7a0,Bangalore,ACCT_a4084485,2025-11-03 15:47:00,3612.99,2026-01-12 14:18:00.000000,Bangalore,declined,timeout,False
TXN00116,CARD_b3e719e0,DEV_3040b7a0,Bangalore,ACCT_a4084485,2025-11-03 15:47:00,3264.99,2025-12-25 01:01:00.000000,Bangalore,approved,,False
TXN00117,CARD_da8b4f22,DEV_2a4248ac,Hyderabad,ACCT_1fcd3fe2,2026-04-16 23:47:12,2782.87,2026-06-04 17:20:12.000000,Hyderabad,approved,,False
TXN00118,CARD_7daecd3a,DEV_2a4248ac,Hyderabad,ACCT_1fcd3fe2,2026-04-16 23:47:12,5637.7,2026-06-06 10:09:12.000000,Hyderabad,approved,,False
TXN00119,CARD_9ed336de,DEV_2a4248ac,Hyderabad,ACCT_1fcd3fe2,2026-04-16 23:47:12,1009.21,2026-05-29 08:01:12.000000,Hyderabad,approved,,False
TXN00120,CARD_da8b4f22,DEV_2a4248ac,Hyderabad,ACCT_1fcd3fe2,2026-04-16 23:47:12,4310.12,2026-05-30 03:34:12.000000,Hyderabad,approved,,False
TXN00121,CARD_64f73bb3,DEV_3dbd199b,Jaipur,ACCT_22d3b41a,2025-10-07 05:19:06,5810.45,2025-11-24 20:36:06.000000,Jaipur,approved,,False
TXN00123,CARD_64f73bb3,DEV_3dbd199b,Jaipur,ACCT_22d3b41a,2025-10-07 05:19:06,2453.03,2025-11-08 16:30:06.000000,Jaipur,approved,,False
TXN00124,CARD_87d08058,DEV_3dbd199b,Jaipur,ACCT_22d3b41a,2025-10-07 05:19:06,411.85,2025-11-18 09:36:06.000000,Jaipur,approved,,False
TXN00125,CARD_863bd39f,DEV_5b9a2145,Nagpur,ACCT_4026cdea,2026-06-16 23:32:35,6954.27,2026-08-27 04:12:35.000000,Nagpur,approved,,False
TXN00126,CARD_863bd39f,DEV_5b9a2145,Nagpur,ACCT_4026cdea,2026-06-16 23:32:35,2310.5,2026-08-08 00:08:35.000000,Nagpur,approved,,False
TXN00127,CARD_128edfed,DEV_5b9a2145,Nagpur,ACCT_4026cdea,2026-06-16 23:32:35,7725.71,2026-08-19 09:43:35.000000,Nagpur,approved,,False
TXN00128,CARD_128edfed,DEV_5b9a2145,Nagpur,ACCT_4026cdea,2026-06-16 23:32:35,6585.82,2026-09-01 14:39:35.000000,Nagpur,approved,,False
TXN00129,CARD_d93c0a5e,DEV_6489a30f,Nagpur,ACCT_917c1069,2026-06-14 02:22:02,4524.57,2026-08-02 07:13:02.000000,Nagpur,approved,,False
TXN00133,CARD_65425fee,DEV_c9a7a523,Kolkata,ACCT_b2d37dc2,2026-03-22 01:17:11,7583.34,2026-05-14 00:23:11.000000,Kolkata,approved,,False
TXN00136,CARD_aa4e2fe9,DEV_c9a7a523,Kolkata,ACCT_b2d37dc2,2026-03-22 01:17:11,4770.8,2026-05-07 16:01:11.000000,Kolkata,approved,,False
TXN00137,CARD_6af41e3a,DEV_1b922ce1,Bangalore,ACCT_81b29ee1,2026-02-18 15:30:46,5638.75,2026-03-16 13:48:46.000000,Bangalore,approved,,False
TXN00138,CARD_2517ee5b,DEV_1b922ce1,Bangalore,ACCT_81b29ee1,2026-02-18 15:30:46,7395.09,2026-03-09 12:44:46.000000,Bangalore,approved,,False
TXN00139,CARD_2517ee5b,DEV_1b922ce1,Bangalore,ACCT_81b29ee1,2026-02-18 15:30:46,1837.24,2026-03-19 19:04:46.000000,Bangalore,approved,,False
TXN00140,CARD_6af41e3a,DEV_1b922ce1,Bangalore,ACCT_81b29ee1,2026-02-18 15:30:46,1180.78,2026-04-05 00:22:46.000000,Bangalore,approved,,False
TXN00141,CARD_a42db0b9,DEV_a3c984a2,Ghaziabad,ACCT_b9cda1a2,2026-04-11 07:13:01,4575.2,2026-05-25 07:05:01.000000,Ghaziabad,approved,,False
TXN00142,CARD_a42db0b9,DEV_a3c984a2,Ghaziabad,ACCT_b9cda1a2,2026-04-11 07:13:01,5524.99,2026-05-19 10:42:01.000000,Ghaziabad,approved,,False
TXN00143,CARD_4b9c429c,DEV_a3c984a2,Ghaziabad,ACCT_b9cda1a2,2026-04-11 07:13:01,3975.67,2026-05-13 23:47:01.000000,Ghaziabad,approved,,False
TXN00144,CARD_4b9c429c,DEV_a3c984a2,Ghaziabad,ACCT_b9cda1a2,2026-04-11 07:13:01,3484.63,2026-05-24 09:09:01.000000,Ghaziabad,approved,,False
TXN00145,CARD_9e779f6b,DEV_2931a4c4,Chennai,ACCT_56af6744,2025-10-29 23:56:41,6695.87,2025-12-23 07:39:41.000000,Chennai,approved,,False
TXN00147,CARD_55e1db7e,DEV_2931a4c4,Chennai,ACCT_56af6744,2025-10-29 23:56:41,6062.34,2026-01-08 01:44:41.000000,Chennai,approved,,False
TXN00148,CARD_ee9cd564,DEV_2931a4c4,Chennai,ACCT_56af6744,2025-10-29 23:56:41,7332.78,2026-01-06 20:24:41.000000,Chennai,approved,,False
TXN00149,CARD_19f4fe02,DEV_58e4d27e,Indore,ACCT_81fb3392,2026-01-10 18:03:36,3296.37,2026-03-05 09:25:36.000000,Indore,approved,,False
TXN00151,CARD_b70a3a44,DEV_58e4d27e,Indore,ACCT_81fb3392,2026-01-10 18:03:36,5317.54,2026-03-25 09:21:36.000000,Indore,approved,,False
TXN00153,CARD_0749d0b7,DEV_9317de23,Ghaziabad,ACCT_0864d397,2026-03-10 02:26:13,4141.04,2026-04-12 15:21:13.000000,Ghaziabad,approved,,False
TXN00154,CARD_0749d0b7,DEV_9317de23,Ghaziabad,ACCT_0864d397,2026-03-10 02:26:13,3335.32,2026-04-30 19:55:13.000000,Ghaziabad,approved,,False
TXN00155,CARD_d52b20cf,DEV_9317de23,Ghaziabad,ACCT_0864d397,2026-03-10 02:26:13,6063.72,2026-04-25 14:05:13.000000,Ghaziabad,approved,,False
TXN00156,CARD_d52b20cf,DEV_9317de23,Ghaziabad,ACCT_0864d397,2026-03-10 02:26:13,2173.1,2026-05-03 03:39:13.000000,Ghaziabad,approved,,False
TXN00157,CARD_ef542e19,DEV_73a41ba5,Kanpur,ACCT_1cb80b2b,2026-06-26 13:49:35,1015.34,2026-08-26 12:20:35.000000,Kanpur,approved,,False
TXN00159,CARD_6161a9cf,DEV_73a41ba5,Kanpur,ACCT_1cb80b2b,2026-06-26 13:49:35,7307.79,2026-07-30 21:42:35.000000,Kanpur,approved,,False
TXN00160,CARD_ef542e19,DEV_73a41ba5,Kanpur,ACCT_1cb80b2b,2026-06-26 13:49:35,1274.07,2026-08-01 10:42:35.000000,Kanpur,approved,,False
TXN00162,CARD_fb82d2d5,DEV_3bdceca5,Pune,ACCT_8169b1a8,2026-03-08 16:38:25,4815.05,2026-05-05 23:36:25.000000,Pune,approved,,False
TXN00163,CARD_9a32a99e,DEV_3bdceca5,Pune,ACCT_8169b1a8,2026-03-08 16:38:25,6192.77,2026-05-20 18:55:25.000000,Pune,approved,,False
TXN00165,CARD_14ebbe24,DEV_812cb504,Kanpur,ACCT_d5ebe1bd,2026-04-20 22:40:51,6928.82,2026-06-13 20:11:51.000000,Kanpur,approved,,False
TXN00166,CARD_bca87305,DEV_812cb504,Kanpur,ACCT_d5ebe1bd,2026-04-20 22:40:51,2692.9,2026-06-12 14:02:51.000000,Kanpur,approved,,False
TXN00168,CARD_73647f0b,DEV_f6342e5e,Jaipur,ACCT_fc388e69,2025-10-01 01:57:36,6855.3,2025-11-26 14:11:36.000000,Jaipur,approved,,False
TXN00169,CARD_73647f0b,DEV_f6342e5e,Jaipur,ACCT_fc388e69,2025-10-01 01:57:36,3810.16,2025-11-09 12:44:36.000000,Jaipur,approved,,False
TXN00171,CARD_955a7b92,DEV_dd24a2ee,Kolkata,ACCT_be4229cf,2026-05-19 02:45:58,6768.06,2026-07-06 06:40:58.000000,Kolkata,approved,,False
TXN00173,CARD_b3a7e38e,DEV_d0f99f7c,Kolkata,ACCT_5a102186,2025-12-21 11:58:32,5004.91,2026-03-01 20:19:32.000000,Kolkata,approved,,False
TXN00174,CARD_e215edfe,DEV_d0f99f7c,Kolkata,ACCT_5a102186,2025-12-21 11:58:32,2662.1,2026-03-06 14:52:32.000000,Kolkata,declined,insufficient_funds,False
TXN00176,CARD_f02ce76b,DEV_5aa65fef,Indore,ACCT_74319cd7,2025-12-25 19:29:48,5067.73,2026-03-13 21:44:48.000000,Indore,approved,,False
TXN00177,CARD_d48bcb1c,DEV_5aa65fef,Indore,ACCT_74319cd7,2025-12-25 19:29:48,3500.07,2026-03-02 18:34:48.000000,Indore,approved,,False
TXN00178,CARD_f02ce76b,DEV_5aa65fef,Indore,ACCT_74319cd7,2025-12-25 19:29:48,6987.0,2026-03-19 16:14:48.000000,Indore,approved,,False
TXN00179,CARD_c1114afe,DEV_343cbab4,Ahmedabad,ACCT_16b92ce8,2025-11-13 07:02:42,2628.78,2026-01-04 07:04:42.000000,Ahmedabad,approved,,False
TXN00180,CARD_c1114afe,DEV_343cbab4,Ahmedabad,ACCT_16b92ce8,2025-11-13 07:02:42,3473.96,2025-12-16 18:25:42.000000,Ahmedabad,approved,,False
TXN00181,CARD_44aa5c9a,DEV_343cbab4,Ahmedabad,ACCT_16b92ce8,2025-11-13 07:02:42,5470.31,2025-12-23 20:38:42.000000,Ahmedabad,approved,,False
TXN00182,CARD_6afca5ea,DEV_c471360e,Ahmedabad,ACCT_90f871f5,2025-12-27 19:31:01,3091.23,2026-01-23 15:26:01.000000,Ahmedabad,approved,,False
TXN00183,CARD_d4d6df14,DEV_c471360e,Ahmedabad,ACCT_90f871f5,2025-12-27 19:31:01,1895.9,2026-02-05 13:40:01.000000,Ahmedabad,approved,,False
TXN00184,CARD_d4d6df14,DEV_c471360e,Ahmedabad,ACCT_90f871f5,2025-12-27 19:31:01,124.71,2026-02-04 04:13:01.000000,Ahmedabad,approved,,False
TXN00185,CARD_3ccb4919,DEV_996fafb8,Ghaziabad,ACCT_b8f67897,2025-12-17 18:04:57,7901.83,2026-01-21 08:26:57.000000,Ghaziabad,approved,,False
TXN00186,CARD_3ccb4919,DEV_996fafb8,Ghaziabad,ACCT_b8f67897,2025-12-17 18:04:57,2038.28,2026-02-08 07:48:57.000000,Ghaziabad,approved,,False
TXN00187,CARD_2be8f668,DEV_996fafb8,Ghaziabad,ACCT_b8f67897,2025-12-17 18:04:57,3891.5,2026-01-25 06:58:57.000000,Ghaziabad,approved,,False
TXN00191,CARD_354fa708,DEV_965cda2c,Ludhiana,ACCT_3a5e850a,2026-05-14 21:36:28,4986.08,2026-06-23 17:48:28.000000,Ludhiana,approved,,False
TXN00193,CARD_b713e95c,DEV_965cda2c,Ludhiana,ACCT_3a5e850a,2026-05-14 21:36:28,5038.29,2026-07-06 01:33:28.000000,Ludhiana,approved,,False
TXN00194,CARD_eb231645,DEV_4ebdf672,Nagpur,ACCT_939b774f,2026-03-20 01:46:05,5872.26,2026-04-23 20:09:05.000000,Nagpur,declined,timeout,False
TXN00195,CARD_eb231645,DEV_4ebdf672,Nagpur,ACCT_939b774f,2026-03-20 01:46:05,5992.47,2026-05-21 11:06:05.000000,Nagpur,approved,,False
TXN00196,CARD_ae36f2e1,DEV_4ebdf672,Nagpur,ACCT_939b774f,2026-03-20 01:46:05,4338.29,2026-04-28 06:36:05.000000,Nagpur,approved,,False
TXN00197,CARD_4dbcecc2,DEV_c80621db,Ahmedabad,ACCT_e4de1e90,2026-05-26 23:45:04,7316.69,2026-08-08 05:01:04.000000,Ahmedabad,approved,,False
TXN00198,CARD_212f19d5,DEV_c80621db,Ahmedabad,ACCT_e4de1e90,2026-05-26 23:45:04,6969.66,2026-08-07 09:32:04.000000,Ahmedabad,approved,,False
TXN00200,CARD_ce761497,DEV_b48631d0,Bangalore,ACCT_09edc77e,2025-11-29 10:51:48,767.91,2026-02-22 04:14:48.000000,Bangalore,approved,,False
TXN00201,CARD_ce761497,DEV_b48631d0,Bangalore,ACCT_09edc77e,2025-11-29 10:51:48,1032.53,2026-01-25 19:25:48.000000,Bangalore,approved,,False
TXN00202,CARD_6231e171,DEV_b48631d0,Bangalore,ACCT_09edc77e,2025-11-29 10:51:48,2134.18,2026-02-16 10:34:48.000000,Bangalore,approved,,False
TXN00203,CARD_7794e1dd,DEV_815df1bc,Hyderabad,ACCT_aa7947d9,2026-03-19 16:02:28,3798.24,2026-05-16 13:16:28.000000,Hyderabad,approved,,False
TXN00205,CARD_add49c5f,DEV_815df1bc,Hyderabad,ACCT_aa7947d9,2026-03-19 16:02:28,5211.45,2026-06-11 14:21:28.000000,Hyderabad,approved,,False
TXN00206,CARD_6f6a9066,DEV_b2618c12,Chennai,ACCT_4c786a2e,2025-11-09 01:30:00,822.68,2025-12-10 16:37:00.000000,Chennai,approved,,False
TXN00207,CARD_6f6a9066,DEV_b2618c12,Chennai,ACCT_4c786a2e,2025-11-09 01:30:00,2999.54,2025-12-05 13:59:00.000000,Chennai,approved,,False
TXN00209,CARD_7c7fa8ff,DEV_7408d946,Agra,ACCT_3fa6bad1,2026-01-03 02:15:30,3294.52,2026-03-10 17:54:30.000000,Agra,approved,,False
TXN00210,CARD_7c7fa8ff,DEV_7408d946,Agra,ACCT_3fa6bad1,2026-01-03 02:15:30,1777.29,2026-02-14 00:38:30.000000,Agra,approved,,False
TXN00211,CARD_e5b54f51,DEV_7408d946,Agra,ACCT_3fa6bad1,2026-01-03 02:15:30,7848.38,2026-02-19 13:21:30.000000,Agra,approved,,False
TXN00212,CARD_0d00890d,DEV_406eb1ff,Indore,ACCT_1210d472,2025-09-03 02:19:18,1558.98,2025-10-22 14:36:18.000000,Indore,approved,,False
TXN00213,CARD_8c2bce77,DEV_406eb1ff,Indore,ACCT_1210d472,2025-09-03 02:19:18,5319.01,2025-11-17 16:24:18.000000,Indore,approved,,False
TXN00214,CARD_5334768b,DEV_406eb1ff,Indore,ACCT_1210d472,2025-09-03 02:19:18,452.1,2025-11-10 21:20:18.000000,Indore,declined,timeout,False
TXN00217,CARD_957cac42,DEV_1052fda3,Agra,ACCT_9212cccf,2026-03-21 02:29:29,4344.71,2026-04-27 06:37:29.000000,Agra,approved,,False
TXN00218,CARD_4c4cab32,DEV_a08ef7bc,Vadodara,ACCT_b13d72ac,2026-02-11 16:48:20,6330.38,2026-03-08 17:10:20.000000,Vadodara,approved,,False
TXN00221,CARD_f425d8d9,DEV_2ac09dc2,Ghaziabad,ACCT_5ded302b,2026-06-05 11:43:31,4769.64,2026-08-12 23:15:31.000000,Ghaziabad,approved,,False
TXN00222,CARD_f425d8d9,DEV_2ac09dc2,Ghaziabad,ACCT_5ded302b,2026-06-05 11:43:31,394.75,2026-08-04 19:22:31.000000,Ghaziabad,declined,insufficient_funds,False
TXN00223,CARD_75c54898,DEV_2ac09dc2,Ghaziabad,ACCT_5ded302b,2026-06-05 11:43:31,533.56,2026-08-03 07:44:31.000000,Ghaziabad,approved,,False
TXN00224,CARD_8cb3650e,DEV_3490caca,Hyderabad,ACCT_f2b87f6e,2026-02-14 22:51:58,3576.32,2026-04-10 21:49:58.000000,Hyderabad,approved,,False
TXN00225,CARD_ad49a6fa,DEV_3490caca,Hyderabad,ACCT_f2b87f6e,2026-02-14 22:51:58,572.17,2026-04-05 18:00:58.000000,Hyderabad,declined,stolen_card,False
TXN00226,CARD_ad49a6fa,DEV_3490caca,Hyderabad,ACCT_f2b87f6e,2026-02-14 22:51:58,4409.43,2026-04-14 19:28:58.000000,Hyderabad,approved,,False
TXN00228,CARD_cd1b237b,DEV_784dc2ef,Kanpur,ACCT_6e92df49,2026-04-11 02:35:55,7027.76,2026-06-15 23:16:55.000000,Kanpur,approved,,False
TXN00232,CARD_30a35755,DEV_b0f39d23,Lucknow,ACCT_877ebce4,2026-06-07 13:11:20,728.65,2026-07-22 16:04:20.000000,Lucknow,approved,,False
TXN00233,CARD_be5924a3,DEV_c06edc06,Chennai,ACCT_ade7c55d,2025-11-15 21:44:29,526.85,2025-12-31 02:19:29.000000,Chennai,declined,timeout,False
TXN00235,CARD_be5924a3,DEV_c06edc06,Chennai,ACCT_ade7c55d,2025-11-15 21:44:29,3412.35,2026-01-02 19:32:29.000000,Chennai,approved,,False
TXN00237,CARD_f5207918,DEV_4cd5f55f,Mumbai,ACCT_7935b4cd,2025-12-18 03:49:34,6785.84,2026-01-25 19:03:34.000000,Mumbai,approved,,False
TXN00238,CARD_f5207918,DEV_4cd5f55f,Mumbai,ACCT_7935b4cd,2025-12-18 03:49:34,963.34,2026-01-31 21:12:34.000000,Mumbai,approved,,False
TXN00239,CARD_bd54661b,DEV_b1e6d379,Vadodara,ACCT_795ef338,2025-09-09 12:06:00,4509.68,2025-11-24 02:00:00.000000,Vadodara,approved,,False
TXN00241,CARD_e8b2e376,DEV_b1e6d379,Vadodara,ACCT_795ef338,2025-09-09 12:06:00,6111.16,2025-11-03 20:50:00.000000,Vadodara,approved,,False
TXN00242,CARD_2c8befa0,DEV_d184474a,Vadodara,ACCT_85a99834,2025-12-02 03:04:06,5275.89,2026-01-12 07:40:06.000000,Vadodara,approved,,False
TXN00243,CARD_2c8befa0,DEV_d184474a,Vadodara,ACCT_85a99834,2025-12-02 03:04:06,7775.89,2026-01-12 02:44:06.000000,Vadodara,approved,,False
TXN00244,CARD_cf48dce2,DEV_d184474a,Vadodara,ACCT_85a99834,2025-12-02 03:04:06,3040.75,2026-01-30 19:17:06.000000,Vadodara,approved,,False
TXN00245,CARD_e0d64958,DEV_f8a9a4fa,Lucknow,ACCT_2eb2c6d6,2026-05-20 01:32:10,2628.84,2026-07-05 11:18:10.000000,Lucknow,approved,,False
TXN00250,CARD_47e00a3d,DEV_97d2306f,Ahmedabad,ACCT_2b82b51c,2025-09-27 06:07:57,5353.7,2025-11-29 21:40:57.000000,Ahmedabad,declined,stolen_card,False
TXN09012,CARD_208611c9,DEV_ddc24829,Agra,ACCT_264ac29d,2026-08-23 12:13:04,2.67,2026-08-23 12:39:49.558555,Agra,approved,,True
TXN09013,CARD_208611c9,DEV_ddc24829,Agra,ACCT_264ac29d,2026-08-23 12:13:04,5.62,2026-08-23 12:39:36.007185,Agra,approved,,True
TXN09014,CARD_208611c9,DEV_ddc24829,Agra,ACCT_264ac29d,2026-08-23 12:13:04,10.96,2026-08-23 12:38:49.996832,Agra,approved,,True
TXN09015,CARD_208611c9,DEV_ddc24829,Agra,ACCT_264ac29d,2026-08-23 12:13:04,6.9,2026-08-23 12:38:15.238005,Agra,approved,,True
TXN09016,CARD_208611c9,DEV_ddc24829,Agra,ACCT_264ac29d,2026-08-23 12:13:04,7.33,2026-08-23 12:38:05.112391,Agra,approved,,True
TXN09017,CARD_208611c9,DEV_ddc24829,Agra,ACCT_264ac29d,2026-08-23 12:13:04,8636.28,2026-08-23 12:40:49.131944,Agra,approved,,True
TXN09018,CARD_7172d3e1,DEV_9530405f,Hyderabad,ACCT_b85b4830,2026-08-24 13:08:04,7.64,2026-08-24 13:18:47.066092,Hyderabad,approved,,True
TXN09019,CARD_7172d3e1,DEV_9530405f,Hyderabad,ACCT_b85b4830,2026-08-24 13:08:04,16.56,2026-08-24 13:18:14.928239,Hyderabad,approved,,True
TXN09020,CARD_7172d3e1,DEV_9530405f,Hyderabad,ACCT_b85b4830,2026-08-24 13:08:04,5.49,2026-08-24 13:18:30.706661,Hyderabad,approved,,True
TXN09021,CARD_7172d3e1,DEV_9530405f,Hyderabad,ACCT_b85b4830,2026-08-24 13:08:04,4.75,2026-08-24 13:16:30.359959,Hyderabad,approved,,True
TXN09022,CARD_7172d3e1,DEV_9530405f,Hyderabad,ACCT_b85b4830,2026-08-24 13:08:04,15.44,2026-08-24 13:17:52.431817,Hyderabad,approved,,True
TXN09023,CARD_7172d3e1,DEV_9530405f,Hyderabad,ACCT_b85b4830,2026-08-24 13:08:04,4302.9,2026-08-24 13:20:32.995811,Hyderabad,approved,,True
TXN09024,CARD_ad8282fe,DEV_b1f5b583,Patna,ACCT_3701071f,2026-08-25 12:12:04,9.53,2026-08-25 12:34:20.777887,Patna,approved,,True
TXN09025,CARD_ad8282fe,DEV_b1f5b583,Patna,ACCT_3701071f,2026-08-25 12:12:04,11.73,2026-08-25 12:34:50.347767,Patna,approved,,True
TXN09026,CARD_ad8282fe,DEV_b1f5b583,Patna,ACCT_3701071f,2026-08-25 12:12:04,12.87,2026-08-25 12:33:58.353697,Patna,approved,,True
TXN09027,CARD_ad8282fe,DEV_b1f5b583,Patna,ACCT_3701071f,2026-08-25 12:12:04,12.92,2026-08-25 12:34:39.564437,Patna,approved,,True
TXN09028,CARD_ad8282fe,DEV_b1f5b583,Patna,ACCT_3701071f,2026-08-25 12:12:04,2.3,2026-08-25 12:32:31.172332,Patna,approved,,True
TXN09029,CARD_ad8282fe,DEV_b1f5b583,Patna,ACCT_3701071f,2026-08-25 12:12:04,5936.67,2026-08-25 12:36:13.798726,Patna,approved,,True
TXN09030,CARD_bc451d7a,DEV_7da82b31,Jaipur,ACCT_571c2e99,2026-08-26 13:34:04,6.9,2026-08-26 13:48:35.320639,Jaipur,approved,,True
TXN09031,CARD_bc451d7a,DEV_7da82b31,Jaipur,ACCT_571c2e99,2026-08-26 13:34:04,2.08,2026-08-26 13:48:25.344495,Jaipur,approved,,True
TXN09032,CARD_bc451d7a,DEV_7da82b31,Jaipur,ACCT_571c2e99,2026-08-26 13:34:04,2.46,2026-08-26 13:49:33.705394,Jaipur,approved,,True
TXN09033,CARD_bc451d7a,DEV_7da82b31,Jaipur,ACCT_571c2e99,2026-08-26 13:34:04,17.25,2026-08-26 13:49:39.565006,Jaipur,approved,,True
TXN09034,CARD_bc451d7a,DEV_7da82b31,Jaipur,ACCT_571c2e99,2026-08-26 13:34:04,8591.88,2026-08-26 13:51:29.350755,Jaipur,approved,,True
TXN08000,CARD_ead3b6e9,DEV_2e0b6997,Bhopal,ACCT_2643435e,2026-03-27 23:01:27,2763.12,2026-08-19 10:24:27.000000,Delhi,approved,,True
TXN08001,CARD_ead3b6e9,DEV_2e0b6997,Lucknow,ACCT_2643435e,2026-03-27 23:01:27,2120.86,2026-08-22 20:39:27.000000,Delhi,approved,,True
TXN08002,CARD_e8325916,DEV_cb282026,Kanpur,ACCT_34301746,2026-07-04 23:01:27,609.79,2026-08-18 16:44:27.000000,Ludhiana,approved,,True
TXN08003,CARD_e8325916,DEV_cb282026,Indore,ACCT_34301746,2026-07-04 23:01:27,1635.49,2026-08-19 09:06:27.000000,Ludhiana,approved,,True
TXN08004,CARD_e8325916,DEV_850ce73e,Ahmedabad,ACCT_a427bc19,2026-02-18 23:01:27,4608.71,2026-08-21 19:45:27.000000,Bhopal,approved,,True
TXN08005,CARD_e8325916,DEV_850ce73e,Indore,ACCT_a427bc19,2026-02-18 23:01:27,906.07,2026-08-18 08:36:27.000000,Bhopal,approved,,True
TXN08009,CARD_e8325916,DEV_5dcf0cd5,Ahmedabad,ACCT_e42a31e1,2026-06-12 23:01:27,662.68,2026-08-18 15:50:27.000000,Kolkata,approved,,True
TXN08010,CARD_217dbe23,DEV_2e0b6997,Vadodara,ACCT_367df148,2026-03-01 23:01:27,477.41,2026-08-22 18:09:27.000000,Ludhiana,approved,,True
TXN08011,CARD_e8325916,DEV_79fdf128,Ahmedabad,ACCT_b6588e41,2026-04-12 23:01:27,1062.56,2026-08-19 22:29:27.000000,Kanpur,approved,,True
TXN08012,CARD_07b0a0c9,DEV_2e0b6997,Thane,ACCT_ebf6740d,2026-07-06 23:01:27,2012.21,2026-08-20 13:40:27.000000,Bhopal,approved,,True
TXN08013,CARD_8acaae87,DEV_2e0b6997,Bhopal,ACCT_4c21d479,2026-05-06 23:01:27,1399.81,2026-08-20 08:52:27.000000,Ghaziabad,approved,,True
TXN08014,CARD_e8325916,DEV_ffbac850,Kolkata,ACCT_c4d670cb,2026-03-19 23:01:27,2028.85,2026-08-24 13:50:27.000000,Agra,approved,,True
TXN07000,CARD_e08672b8,DEV_301ced5d,Lucknow,ACCT_a27ba52a,2026-08-15 20:39:19,889.06,2026-08-22 14:07:28.616022,Lucknow,approved,,False
TXN07002,CARD_e08672b8,DEV_301ced5d,Lucknow,ACCT_a27ba52a,2026-08-15 20:39:19,599.85,2026-08-22 14:09:00.197103,Lucknow,approved,,False
TXN07005,CARD_e08672b8,DEV_301ced5d,Lucknow,ACCT_a27ba52a,2026-08-15 20:39:19,967.15,2026-08-22 14:10:36.260879,Lucknow,approved,,False
TXN07007,CARD_d513a66d,DEV_899731cf,Ahmedabad,ACCT_41b0d29f,2026-06-15 00:09:44,5003.18,2026-06-24 08:01:44.000000,Vadodara,approved,,False
TXN07008,CARD_306592f3,DEV_9cff82c5,Nagpur,ACCT_bcb5e18e,2026-06-18 08:58:01,5589.78,2026-07-08 10:23:01.000000,Bhopal,approved,,False
TXN07010,CARD_6641d2d6,DEV_48a22cca,Nagpur,ACCT_8e0d3d44,2026-06-15 05:12:47,5591.87,2026-07-15 01:33:47.000000,Mumbai,approved,,False
TXN07011,CARD_3339bd8c,DEV_ff158c4c,Ahmedabad,ACCT_1ca71f8b,2026-08-26 16:56:57,4238.4,2026-08-26 17:37:57.000000,Patna,approved,,False
TXN07012,CARD_a998f374,DEV_9ea8d26e,Ahmedabad,ACCT_6dfb1529,2026-08-25 01:09:51,9829.57,2026-08-25 02:14:51.000000,Bhopal,approved,,False
TXN07014,CARD_fbb58290,DEV_c1567768,Jaipur,ACCT_d00f4507,2026-08-27 21:38:02,4940.89,2026-08-27 22:02:02.000000,Ghaziabad,approved,,False
TXN07015,CARD_98dcbe86,DEV_e9c30b99,Agra,ACCT_3f2a8a88,2026-08-25 18:04:10,7749.94,2026-08-25 18:23:10.000000,Lucknow,declined,insufficient_funds,False
TXN07016,CARD_96471ca4,DEV_0f98dcc1,Pune,ACCT_6a7fb955,2026-08-26 23:28:05,5710.36,2026-08-26 23:39:05.000000,Pune,approved,,False
